{"cameraMode":{"drawMode":0,"name":"Shaded","section":"Shading Mode"},"sceneLighting":true,"audioPlay":false,"sceneViewState":{"showFog":false,"showMaterialUpdate":false,"showSkybox":true,"showFlares":true,"showImageEffects":true,"showParticleSystems":true},"in2DMode":false,"pivot":{"x":26.094066619873048,"y":1.7081921100616456,"z":20.550392150878908},"rotation":{"x":-0.15189839899539948,"y":0.758660614490509,"z":-0.19073505699634553,"w":-0.6041619777679443},"size":13.993700981140137,"orthographic":false}