{"cameraMode":{"drawMode":0,"name":"Shaded","section":"Shading Mode"},"sceneLighting":true,"audioPlay":false,"sceneViewState":{"m_AlwaysRefresh":false,"showFog":true,"showSkybox":true,"showFlares":true,"showImageEffects":true,"showParticleSystems":true,"showVisualEffectGraphs":true,"m_FxEnabled":true},"in2DMode":false,"pivot":{"x":0.49242961406707766,"y":1.8113174438476563,"z":0.5648242235183716},"rotation":{"x":0.16256874799728394,"y":-0.11369012296199799,"z":0.01885939948260784,"w":0.9799473285675049},"size":6.108116626739502,"orthographic":true}