{"cameraMode":{"drawMode":0,"name":"Shaded","section":"Shading Mode"},"sceneLighting":true,"audioPlay":false,"sceneViewState":{"m_AlwaysRefresh":false,"showFog":true,"showSkybox":true,"showFlares":true,"showImageEffects":true,"showParticleSystems":true,"showVisualEffectGraphs":true,"m_FxEnabled":true},"in2DMode":false,"pivot":{"x":9.072509765625,"y":-0.9846286773681641,"z":5.222787857055664},"rotation":{"x":0.4044693112373352,"y":0.0013715211534872652,"z":-0.0006076327408663929,"w":0.9145529270172119},"size":5.212119102478027,"orthographic":true}