{"cameraMode":{"drawMode":0,"name":"Shaded","section":"Shading Mode"},"sceneLighting":true,"audioPlay":false,"sceneViewState":{"m_AlwaysRefresh":false,"showFog":true,"showSkybox":true,"showFlares":true,"showImageEffects":true,"showParticleSystems":true,"showVisualEffectGraphs":true,"m_FxEnabled":true},"in2DMode":false,"pivot":{"x":588.6448974609375,"y":124.97393798828125,"z":314.2509460449219},"rotation":{"x":0.6376917362213135,"y":-0.0023109684698283674,"z":0.0019130967557430268,"w":0.770287275314331},"size":387.9321594238281,"orthographic":false}