{"cameraMode":{"drawMode":0,"name":"Shaded","section":"Shading Mode"},"sceneLighting":true,"audioPlay":false,"sceneViewState":{"m_AlwaysRefresh":false,"showFog":true,"showSkybox":true,"showFlares":true,"showImageEffects":true,"showParticleSystems":true,"showVisualEffectGraphs":true,"m_FxEnabled":true},"in2DMode":false,"pivot":{"x":1.2457027435302735,"y":1.943039894104004,"z":0.6310176849365234},"rotation":{"x":0.16256874799728394,"y":-0.11369012296199799,"z":0.01885939948260784,"w":0.9799473285675049},"size":4.782876491546631,"orthographic":true}