{"cameraMode":{"drawMode":0,"name":"Shaded","section":"Shading Mode"},"sceneLighting":true,"audioPlay":false,"sceneViewState":{"m_AlwaysRefresh":false,"showFog":true,"showSkybox":true,"showFlares":true,"showImageEffects":true,"showParticleSystems":true,"showVisualEffectGraphs":true,"m_FxEnabled":true},"in2DMode":false,"pivot":{"x":5.615255355834961,"y":4.288318634033203,"z":2.5846986770629885},"rotation":{"x":0.15401619672775269,"y":-0.09764797240495682,"z":0.015295958146452904,"w":0.9831156730651856},"size":8.793642044067383,"orthographic":true}