{"cameraMode":{"drawMode":0,"name":"Shaded","section":"Shading Mode"},"sceneLighting":true,"audioPlay":false,"sceneViewState":{"m_AlwaysRefresh":false,"showFog":true,"showSkybox":true,"showFlares":true,"showImageEffects":true,"showParticleSystems":true,"showVisualEffectGraphs":true,"m_FxEnabled":true},"in2DMode":false,"pivot":{"x":1.17095947265625,"y":1.4612102508544922,"z":0.4454841613769531},"rotation":{"x":0.16256874799728394,"y":-0.11369012296199799,"z":0.01885939948260784,"w":0.9799473285675049},"size":4.782876491546631,"orthographic":true}